Mass,Raideur,Friction,Amplitude,Time_Stop
100,10000,500,3.0239127401417476,0.3363363363363363
100,11000,500,3.020927111651471,0.3203203203203203
100,12000,500,3.019975709503769,0.30430430430430433
100,13000,500,3.0190244086737676,0.2962962962962963
100,14000,500,3.01807320915498,0.2802802802802803
100,15000,500,3.0171221109409188,0.2722722722722722
100,16000,500,3.016171114025099,0.26426426426426425
100,17000,500,3.015220218401033,0.25625625625625625
100,18000,500,3.014269424062235,0.24824824824824826
100,19000,500,3.0133187310022196,0.24024024024024024
100,20000,500,3.012368139214501,0.23223223223223222
100,21000,500,3.011417648692594,0.22422422422422428
100,22000,500,3.0104672594300146,0.22422422422422422
100,23000,500,3.009516971420277,0.21621621621621617
100,24000,500,3.0085667846568986,0.2082082082082082
100,25000,500,3.007616699133394,0.2082082082082082
100,26000,500,3.0066667148432797,0.20020020020020018
100,27000,500,3.0057168317800733,0.20020020020020024
100,28000,500,3.0047670499372914,0.1921921921921922
100,29000,500,3.003817369308451,0.19219219219219214
100,30000,500,3.0028677898870693,0.18418418418418414
100,31000,500,3.0019183116666652,0.1841841841841842
100,32000,500,3.0009689346407566,0.18418418418418414
100,33000,500,3.0000196588028607,0.17617617617617617
100,34000,500,3.0,0.17617617617617617
100,35000,500,3.0,0.17617617617617615
100,36000,500,3.0,0.16816816816816815
100,37000,500,3.0,0.16816816816816815
100,38000,500,3.0,0.16816816816816815
100,39000,500,3.0,0.16016016016016016
100,40000,500,3.0,0.16016016016016016
100,41000,500,3.0,0.16016016016016016
100,42000,500,3.0,0.16016016016016016
100,43000,500,3.0,0.15215215215215216
100,44000,500,3.0,0.15215215215215216
100,45000,500,3.0,0.1521521521521521
100,46000,500,3.0,0.15215215215215216
100,47000,500,3.0,0.15215215215215216
100,48000,500,3.0,0.14414414414414414
100,49000,500,3.0,0.14414414414414414
100,50000,500,3.0,0.14414414414414414
100,51000,500,3.0,0.14414414414414414
100,52000,500,3.0,0.14414414414414414
100,53000,500,3.0,0.13613613613613612
100,54000,500,3.0,0.13613613613613618
100,55000,500,3.0,0.1361361361361361
100,56000,500,3.0,0.13613613613613612
100,57000,500,3.0,0.13613613613613612
100,58000,500,3.0,0.13613613613613618
100,59000,500,3.0,0.13613613613613612
100,60000,500,3.0,0.1281281281281281
100,61000,500,3.0,0.12812812812812813
100,62000,500,3.0,0.12812812812812813
100,63000,500,3.0,0.12812812812812813
100,64000,500,3.0,0.12812812812812813
100,65000,500,3.0,0.12812812812812813
100,66000,500,3.0,0.12812812812812813
100,67000,500,3.0,0.12012012012012012
100,68000,500,3.0,0.12012012012012012
100,69000,500,3.0,0.12012012012012012
100,70000,500,3.0,0.12012012012012012
100,71000,500,3.0,0.12012012012012012
100,72000,500,3.0,0.12012012012012012
100,73000,500,3.0,0.12012012012012009
100,74000,500,3.0,0.12012012012012009
100,75000,500,3.0,0.12012012012012012
100,76000,500,3.0,0.12012012012012012
100,77000,500,3.0,0.11211211211211211
100,78000,500,3.0,0.11211211211211211
100,79000,500,3.0,0.11211211211211208
100,10000,700,3.0247832519936324,0.3489203489203489
100,11000,700,3.0228662875017567,0.3317603317603317
100,12000,700,3.0209497384219235,0.31460031460031457
100,13000,700,3.0190336046999193,0.29744029744029743
100,14000,700,3.017117886281536,0.286000286000286
100,15000,700,3.0152025831125697,0.27456027456027454
100,16000,700,3.014663156715928,0.2688402688402688
100,17000,700,3.014178077068014,0.25740025740025735
100,18000,700,3.0136930237835484,0.2516802516802517
100,19000,700,3.0132079968616696,0.2402402402402402
100,20000,700,3.012722996301515,0.2345202345202345
100,21000,700,3.012238022102225,0.22880022880022877
100,22000,700,3.0117530742629364,0.22308022308022313
100,23000,700,3.01126815278279,0.21736021736021732
100,24000,700,3.0107832576609233,0.21164021164021163
100,25000,700,3.0102983888964756,0.21164021164021163
100,26000,700,3.0098135464885853,0.2059202059202059
100,27000,700,3.009328730436391,0.20020020020020024
100,28000,700,3.0088439407390326,0.19448019448019446
100,29000,700,3.0083591773956484,0.19448019448019446
100,30000,700,3.007874440405377,0.18876018876018874
100,31000,700,3.0073897297673575,0.18876018876018874
100,32000,700,3.0069050454807296,0.18304018304018302
100,33000,700,3.006420387544631,0.18304018304018307
100,34000,700,3.0059357559582014,0.1773201773201773
100,35000,700,3.005451150720579,0.1773201773201773
100,36000,700,3.0049665718309044,0.17160017160017157
100,37000,700,3.0044820192883153,0.17160017160017163
100,38000,700,3.003997493091951,0.16588016588016585
100,39000,700,3.00351299324095,0.1658801658801659
100,40000,700,3.003028519734453,0.16016016016016013
100,41000,700,3.002544072571598,0.16016016016016013
100,42000,700,3.0020596517515243,0.16016016016016013
100,43000,700,3.00157525727337,0.15444015444015446
100,44000,700,3.001090889136276,0.1544401544401544
100,45000,700,3.0006065473393813,0.1544401544401544
100,46000,700,3.000122231881824,0.14872014872014871
100,47000,700,3.0,0.14872014872014871
100,48000,700,3.0,0.14872014872014871
100,49000,700,3.0,0.14872014872014871
100,50000,700,3.0,0.143000143000143
100,51000,700,3.0,0.143000143000143
100,52000,700,3.0,0.143000143000143
100,53000,700,3.0,0.14300014300014302
100,54000,700,3.0,0.1372801372801373
100,55000,700,3.0,0.13728013728013727
100,56000,700,3.0,0.13728013728013727
100,57000,700,3.0,0.13728013728013727
100,58000,700,3.0,0.13156013156013155
100,59000,700,3.0,0.13156013156013155
100,60000,700,3.0,0.13156013156013155
100,61000,700,3.0,0.13156013156013158
100,62000,700,3.0,0.13156013156013155
100,63000,700,3.0,0.12584012584012585
100,64000,700,3.0,0.12584012584012583
100,65000,700,3.0,0.12584012584012585
100,66000,700,3.0,0.12584012584012583
100,67000,700,3.0,0.12584012584012583
100,68000,700,3.0,0.12584012584012583
100,69000,700,3.0,0.1201201201201201
100,70000,700,3.0,0.1201201201201201
100,71000,700,3.0,0.1201201201201201
100,72000,700,3.0,0.12012012012012015
100,73000,700,3.0,0.1201201201201201
100,74000,700,3.0,0.1201201201201201
100,75000,700,3.0,0.12012012012012015
100,76000,700,3.0,0.11440011440011438
100,77000,700,3.0,0.11440011440011438
100,78000,700,3.0,0.11440011440011442
100,79000,700,3.0,0.11440011440011438
100,10000,900,3.024511962911778,0.36480925369814254
100,11000,900,3.021936835210804,0.34256478700923143
100,12000,900,3.020282358985538,0.3247692136581025
100,13000,900,3.0191232632900524,0.31142253364475586
100,14000,900,3.0179643195749613,0.29807585363140915
100,15000,900,3.016805527828263,0.2847291736180625
100,16000,900,3.015646888037961,0.27583138694249804
100,17000,900,3.0144884001920556,0.2624847069291514
100,18000,900,3.013330064278549,0.253586920253587
100,19000,900,3.012171880285445,0.24913802691580467
100,20000,900,3.011575101926477,0.24024024024024024
100,21000,900,3.011281757649074,0.2357913469024581
100,22000,900,3.0109884230174835,0.22689356022689355
100,23000,900,3.010695098031516,0.22244466688911133
100,24000,900,3.0104017826909795,0.2179957735513291
100,25000,900,3.0101084769956854,0.21354688021354695
100,26000,900,3.0098151809454414,0.20909798687576464
100,27000,900,3.0095218945400575,0.2046490935379825
100,28000,900,3.0092286177793426,0.20020020020020018
100,29000,900,3.0089353506631062,0.19575130686241796
100,30000,900,3.008642093191158,0.1913024135246357
100,31000,900,3.008348845363308,0.1868535201868535
100,32000,900,3.0080556071793634,0.1868535201868535
100,33000,900,3.0077623786391356,0.18240462684907127
100,34000,900,3.007469159742434,0.17795573351128907
100,35000,900,3.0071759504890663,0.17795573351128902
100,36000,900,3.006882750878844,0.17350684017350684
100,37000,900,3.0065895609115745,0.17350684017350684
100,38000,900,3.006296380587068,0.16905794683572462
100,39000,900,3.0060032099051344,0.16460905349794244
100,40000,900,3.005710048865582,0.1646090534979424
100,41000,900,3.005416897468221,0.16016016016016016
100,42000,900,3.005123755712861,0.16016016016016016
100,43000,900,3.004830623599311,0.16016016016016021
100,44000,900,3.0045375011273796,0.15571126682237793
100,45000,900,3.004244388296878,0.1557112668223779
100,46000,900,3.0039512851076147,0.1512623734845957
100,47000,900,3.0036581915593987,0.1512623734845957
100,48000,900,3.00336510765204,0.1512623734845957
100,49000,900,3.0030720333853473,0.14681348014681345
100,50000,900,3.002778968759131,0.14681348014681347
100,51000,900,3.0024859137731994,0.14236458680903125
100,52000,900,3.0021928684273633,0.14236458680903125
100,53000,900,3.0018998327214312,0.14236458680903125
100,54000,900,3.0016068066552126,0.1423645868090313
100,55000,900,3.0013137902285165,0.137915693471249
100,56000,900,3.0010207834411537,0.13791569347124902
100,57000,900,3.000727786292933,0.13791569347124902
100,58000,900,3.0004347987836626,0.1334668001334668
100,59000,900,3.000141820913154,0.1334668001334668
100,60000,900,3.0,0.1334668001334668
100,61000,900,3.0,0.1334668001334668
100,62000,900,3.0,0.12901790679568456
100,63000,900,3.0,0.12901790679568462
100,64000,900,3.0,0.12901790679568456
100,65000,900,3.0,0.12901790679568456
100,66000,900,3.0,0.12456901345790233
100,67000,900,3.0,0.12456901345790233
100,68000,900,3.0,0.12456901345790233
100,69000,900,3.0,0.12456901345790233
100,70000,900,3.0,0.12456901345790233
100,71000,900,3.0,0.12012012012012012
100,72000,900,3.0,0.12012012012012016
100,73000,900,3.0,0.12012012012012012
100,74000,900,3.0,0.12012012012012012
100,75000,900,3.0,0.12012012012012012
100,76000,900,3.0,0.11567122678233789
100,77000,900,3.0,0.11567122678233793
100,78000,900,3.0,0.11567122678233789
100,79000,900,3.0,0.11567122678233789
100,10000,1100,3.0239019860365164,0.38948038948038954
100,11000,1100,3.022178194521549,0.3640003640003641
100,12000,1100,3.02045474245262,0.3421603421603422
100,13000,1100,3.0187316297894125,0.32396032396032404
100,14000,1100,3.017118194915135,0.30940030940030944
100,15000,1100,3.016342535942279,0.2948402948402948
100,16000,1100,3.0155669450624747,0.28392028392028396
100,17000,1100,3.0147914222721264,0.273000273000273
100,18000,1100,3.014015967567632,0.26208026208026214
100,19000,1100,3.013240580945394,0.2548002548002548
100,20000,1100,3.0124652624018133,0.24752024752024757
100,21000,1100,3.01169001193329,0.2402402402402403
100,22000,1100,3.010914829536228,0.23296023296023302
100,23000,1100,3.0101397152070266,0.22932022932022936
100,24000,1100,3.0095592197972145,0.222040222040222
100,25000,1100,3.00936289237827,0.21840021840021842
100,26000,1100,3.0091665692812932,0.21112021112021115
100,27000,1100,3.0089702505062266,0.2074802074802075
100,28000,1100,3.008773936053014,0.2038402038402038
100,29000,1100,3.008577625921598,0.20020020020020016
100,30000,1100,3.008381320111921,0.19656019656019658
100,31000,1100,3.0081850186239256,0.19292019292019294
100,32000,1100,3.007988721457555,0.1892801892801893
100,33000,1100,3.0077924286127526,0.18564018564018567
100,34000,1100,3.0075961400894604,0.18200018200018203
100,35000,1100,3.007399855887621,0.1783601783601784
100,36000,1100,3.007203576007178,0.1783601783601784
100,37000,1100,3.0070073004480733,0.17472017472017476
100,38000,1100,3.006811029210251,0.17108017108017112
100,39000,1100,3.0066147622936525,0.1674401674401675
100,40000,1100,3.006418499698222,0.16744016744016746
100,41000,1100,3.0062222414239015,0.16380016380016382
100,42000,1100,3.006025987470634,0.16380016380016377
100,43000,1100,3.005829737838362,0.16016016016016021
100,44000,1100,3.005633492527029,0.15652015652015655
100,45000,1100,3.0054372515365766,0.1565201565201565
100,46000,1100,3.005241014866949,0.15288015288015291
100,47000,1100,3.005044782518089,0.15288015288015291
100,48000,1100,3.004848554489938,0.14924014924014925
100,49000,1100,3.00465233078244,0.14924014924014925
100,50000,1100,3.0044561113955375,0.14924014924014925
100,51000,1100,3.004259896329174,0.14560014560014561
100,52000,1100,3.0040636855832905,0.14560014560014564
100,53000,1100,3.0038674791578317,0.141960141960142
100,54000,1100,3.003671277052739,0.14196014196014198
100,55000,1100,3.003475079267958,0.14196014196014192
100,56000,1100,3.003278885803428,0.13832013832013834
100,57000,1100,3.0030826966590927,0.13832013832013834
100,58000,1100,3.0028865118348964,0.1346801346801347
100,59000,1100,3.0026903313307813,0.1346801346801347
100,60000,1100,3.0024941551466893,0.13468013468013465
100,61000,1100,3.0022979832825647,0.13104013104013107
100,62000,1100,3.002101815738349,0.13104013104013107
100,63000,1100,3.001905652513986,0.13104013104013107
100,64000,1100,3.0017094936094177,0.13104013104013107
100,65000,1100,3.0015133390245876,0.1274001274001274
100,66000,1100,3.0013171887594385,0.1274001274001274
100,67000,1100,3.0011210428139132,0.12740012740012743
100,68000,1100,3.000924901187954,0.12376012376012378
100,69000,1100,3.0007287638815034,0.12376012376012378
100,70000,1100,3.000532630894506,0.12376012376012378
100,71000,1100,3.000336502226903,0.12376012376012378
100,72000,1100,3.0001403778786386,0.12012012012012013
100,73000,1100,3.0,0.12012012012012013
100,74000,1100,3.0,0.12012012012012013
100,75000,1100,3.0,0.12012012012012013
100,76000,1100,3.0,0.1164801164801165
100,77000,1100,3.0,0.1164801164801165
100,78000,1100,3.0,0.1164801164801165
100,79000,1100,3.0,0.1164801164801165
100,10000,1300,3.02384908491184,0.42504042504042505
100,11000,1300,3.0216833516235844,0.39424039424039425
100,12000,1300,3.0200088648791383,0.3665203665203665
100,13000,1300,3.0187751939763223,0.344960344960345
100,14000,1300,3.0175416970391895,0.32648032648032643
100,15000,1300,3.0163083740529433,0.31108031108031103
100,16000,1300,3.0150752250027906,0.29876029876029875
100,17000,1300,3.0142358956597595,0.2864402864402864
100,18000,1300,3.0136807181934184,0.2741202741202741
100,19000,1300,3.013125575626654,0.2648802648802649
100,20000,1300,3.0125704679581453,0.25564025564025566
100,21000,1300,3.012015395186573,0.2494802494802495
100,22000,1300,3.011460357310615,0.24024024024024024
100,23000,1300,3.0109053543289503,0.2340802340802341
100,24000,1300,3.0103503862402587,0.22792022792022792
100,25000,1300,3.0097954530432207,0.22176022176022175
100,26000,1300,3.0092405547365138,0.2186802186802187
100,27000,1300,3.008685691318818,0.21252021252021253
100,28000,1300,3.0081405001377246,0.20944020944020944
100,29000,1300,3.007999956387494,0.20328020328020327
100,30000,1300,3.007859414852594,0.20020020020020018
100,31000,1300,3.007718875533005,0.19712019712019713
100,32000,1300,3.0075783384287043,0.19404019404019401
100,33000,1300,3.0074378035396725,0.1878801878801879
100,34000,1300,3.0072972708658883,0.1848001848001848
100,35000,1300,3.0071567404073303,0.1817201817201817
100,36000,1300,3.0070162121639776,0.17864017864017864
100,37000,1300,3.006875686135809,0.17556017556017556
100,38000,1300,3.006735162322804,0.17556017556017556
100,39000,1300,3.006594640724941,0.1724801724801725
100,40000,1300,3.006454121342199,0.16940016940016941
100,41000,1300,3.006313604174558,0.16632016632016633
100,42000,1300,3.006173089221997,0.16324016324016324
100,43000,1300,3.0060325764844933,0.16324016324016324
100,44000,1300,3.005892065962027,0.16016016016016016
100,45000,1300,3.0057515576545772,0.15708015708015707
100,46000,1300,3.005611051562124,0.15708015708015707
100,47000,1300,3.0054705476846437,0.15400015400015402
100,48000,1300,3.0053300460221184,0.15400015400015402
100,49000,1300,3.0051895465745244,0.1509201509201509
100,50000,1300,3.0050490493418427,0.1509201509201509
100,51000,1300,3.0049085543240506,0.14784014784014785
100,52000,1300,3.004768061521129,0.14476014476014476
100,53000,1300,3.004627570933055,0.14476014476014476
100,54000,1300,3.00448708255981,0.14476014476014476
100,55000,1300,3.0043465964013705,0.14168014168014167
100,56000,1300,3.0042061124577164,0.14168014168014167
100,57000,1300,3.004065630728827,0.13860013860013862
100,58000,1300,3.003925151214682,0.13860013860013862
100,59000,1300,3.0037846739152587,0.13552013552013553
100,60000,1300,3.003644198830538,0.1355201355201355
100,61000,1300,3.0035037259604973,0.13552013552013553
100,62000,1300,3.0033632553051164,0.13244013244013245
100,63000,1300,3.0032227868643746,0.13244013244013247
100,64000,1300,3.0030823206382498,0.12936012936012936
100,65000,1300,3.0029418566267223,0.12936012936012936
100,66000,1300,3.00280139482977,0.12936012936012936
100,67000,1300,3.0026609352473734,0.12628012628012628
100,68000,1300,3.00252047787951,0.12628012628012628
100,69000,1300,3.0023800227261592,0.12628012628012628
100,70000,1300,3.0022395697873003,0.1232001232001232
100,71000,1300,3.0020991190629123,0.1232001232001232
100,72000,1300,3.0019586705529746,0.1232001232001232
100,73000,1300,3.001818224257466,0.12012012012012012
100,74000,1300,3.0016777801763643,0.1201201201201201
100,75000,1300,3.00153733830965,0.12012012012012012
100,76000,1300,3.0013968986573016,0.12012012012012012
100,77000,1300,3.001256461219299,0.11704011704011705
100,78000,1300,3.0011160259956196,0.11704011704011705
100,79000,1300,3.0009755929862427,0.11704011704011703
100,10000,1500,3.0232526262840898,0.4858191524858191
100,11000,1500,3.0215551182078455,0.4404404404404404
100,12000,1500,3.019928806164411,0.4030697364030697
100,13000,1500,3.018302799484061,0.3763763763763764
100,14000,1500,3.017203913009929,0.3523523523523523
100,15000,1500,3.0162775745563715,0.3336670003336669
100,16000,1500,3.015351334231343,0.31498164831498165
100,17000,1500,3.014425192028575,0.30163496830163494
100,18000,1500,3.013499147941798,0.2882882882882883
100,19000,1500,3.0125967055229506,0.2776109442776109
100,20000,1500,3.0121797806348867,0.2696029362696029
100,21000,1500,3.011762875433992,0.2589255922589256
100,22000,1500,3.011345989919706,0.25091758425091754
100,23000,1500,3.0109291240914677,0.24290957624290954
100,24000,1500,3.0105122779487195,0.23757090423757085
100,25000,1500,3.0100954514909004,0.22956289622956286
100,26000,1500,3.0096786447174506,0.2242242242242242
100,27000,1500,3.0092618576278114,0.21888555221888556
100,28000,1500,3.008845090221423,0.21354688021354684
100,29000,1500,3.008428342497725,0.21087754421087748
100,30000,1500,3.0080116144561595,0.20553887220553882
100,31000,1500,3.007594906096165,0.20020020020020016
100,32000,1500,3.007178217417183,0.1975308641975308
100,33000,1500,3.0069825433753814,0.1948615281948615
100,34000,1500,3.0068769929661427,0.18952285618952283
100,35000,1500,3.0067714438066284,0.18685352018685347
100,36000,1500,3.0066658958968278,0.1841841841841842
100,37000,1500,3.006560349236733,0.18151484818151487
100,38000,1500,3.006454803826336,0.17884551217884548
100,39000,1500,3.0063492596656265,0.17617617617617617
100,40000,1500,3.006243716754596,0.17350684017350682
100,41000,1500,3.006138175093236,0.17083750417083748
100,42000,1500,3.006032634681537,0.16816816816816815
100,43000,1500,3.0059270955194894,0.16549883216549885
100,44000,1500,3.005821557607087,0.1628294961628295
100,45000,1500,3.0057160209443183,0.1601601601601601
100,46000,1500,3.005610485531175,0.16016016016016016
100,47000,1500,3.0055049513676497,0.1574908241574908
100,48000,1500,3.005399418453732,0.15482148815482147
100,49000,1500,3.0052938867894126,0.15482148815482147
100,50000,1500,3.005188356374684,0.1521521521521521
100,51000,1500,3.0050828272095362,0.1494828161494828
100,52000,1500,3.004977299293961,0.14948281614948283
100,53000,1500,3.0048717726279492,0.14681348014681347
100,54000,1500,3.0047662472114918,0.14414414414414414
100,55000,1500,3.0046607230445805,0.14414414414414412
100,56000,1500,3.0045552001272062,0.14147480814147478
100,57000,1500,3.0044496784593595,0.14147480814147478
100,58000,1500,3.004344158041032,0.13880547213880545
100,59000,1500,3.0042386388722138,0.13880547213880542
100,60000,1500,3.004133120952898,0.1361361361361361
100,61000,1500,3.004027604283074,0.13613613613613612
100,62000,1500,3.0039220888627334,0.13346680013346682
100,63000,1500,3.003816574691867,0.13346680013346682
100,64000,1500,3.0037110617704665,0.13079746413079746
100,65000,1500,3.0036055500985235,0.13079746413079746
100,66000,1500,3.0035000396760276,0.13079746413079746
100,67000,1500,3.0033945305029706,0.12812812812812813
100,68000,1500,3.0032890225793443,0.12812812812812813
100,69000,1500,3.0031835159051385,0.12545879212545877
100,70000,1500,3.003078010480346,0.12545879212545877
100,71000,1500,3.002972506304956,0.12545879212545877
100,72000,1500,3.0028670033789604,0.12278945612278946
100,73000,1500,3.0027615017023517,0.12278945612278942
100,74000,1500,3.0026560012751182,0.12278945612278942
100,75000,1500,3.002550502097254,0.1201201201201201
100,76000,1500,3.0024450041687474,0.1201201201201201
100,77000,1500,3.002339507489591,0.12012012012012012
100,78000,1500,3.002234012059777,0.11745078411745079
100,79000,1500,3.002128517879295,0.11745078411745075
100,10000,1700,3.023132432431198,0.6076664900194312
100,11000,1700,3.021179108815685,0.5228758169934641
100,12000,1700,3.019616630997383,0.46399340516987575
100,13000,1700,3.018350736449988,0.4239533651298358
100,14000,1700,3.017085026972415,0.39097921450862627
100,15000,1700,3.0158195025483217,0.36507095330624745
100,16000,1700,3.015087468165753,0.3438732850497556
100,17000,1700,3.0143664392008582,0.32503091326620737
100,18000,1700,3.0136454697070647,0.30854383795560264
100,19000,1700,3.0129245596814145,0.296767355590885
100,20000,1700,3.0122037091209504,0.28499087322616734
100,21000,1700,3.0114829180227143,0.27321439086144966
100,22000,1700,3.0109648387194885,0.26379320496967557
100,23000,1700,3.0106403020630745,0.25672731555084494
100,24000,1700,3.010315777338472,0.24730612965907084
100,25000,1700,3.0099912645454165,0.2402402402402403
100,26000,1700,3.009666763683644,0.23317435082140964
100,27000,1700,3.00934227475289,0.22846375787552262
100,28000,1700,3.0090177977528914,0.221397868456692
100,29000,1700,3.008693332683384,0.21668727551080488
100,30000,1700,3.0083688795441024,0.2119766825649178
100,31000,1700,3.0080444383347835,0.20726608961903079
100,32000,1700,3.0077200090551632,0.20255549667314374
100,33000,1700,3.0073955917049786,0.2002002002002002
100,34000,1700,3.0070711862839636,0.19548960725431314
100,35000,1700,3.0067467927918545,0.1931343107813696
100,36000,1700,3.0064224112283884,0.18842371783548253
100,37000,1700,3.006194290352404,0.186068421362539
100,38000,1700,3.0061121216219884,0.18135782841665193
100,39000,1700,3.0060299536490347,0.1790025319437084
100,40000,1700,3.0059477864335387,0.17664723547076489
100,41000,1700,3.005865619975496,0.17429193899782136
100,42000,1700,3.0057834542749027,0.1719366425248778
100,43000,1700,3.005701289331754,0.1695813460519343
100,44000,1700,3.005619125146046,0.16722604957899076
100,45000,1700,3.0055369617177754,0.16487075310604724
100,46000,1700,3.0054547990469365,0.16251545663310368
100,47000,1700,3.0053726371335263,0.16016016016016016
100,48000,1700,3.00529047597754,0.15780486368721663
100,49000,1700,3.0052083155789733,0.1554495672142731
100,50000,1700,3.005126155937823,0.1554495672142731
100,51000,1700,3.005043997054084,0.15309427074132956
100,52000,1700,3.0049618389277515,0.15073897426838606
100,53000,1700,3.0048796815588226,0.1483836777954425
100,54000,1700,3.0047975249472927,0.14838367779544254
100,55000,1700,3.004715369093157,0.14602838132249896
100,56000,1700,3.0046332139964123,0.14367308484955543
100,57000,1700,3.0045510596570537,0.14367308484955543
100,58000,1700,3.0044689060750773,0.1413177883766119
100,59000,1700,3.0043867532504787,0.1413177883766119
100,60000,1700,3.0043046011832537,0.13896249190366838
100,61000,1700,3.004222449873398,0.13660719543072486
100,62000,1700,3.004140299320908,0.13660719543072483
100,63000,1700,3.0040581495257785,0.13425189895778133
100,64000,1700,3.0039760004880067,0.1342518989577813
100,65000,1700,3.0038938522075873,0.13189660248483778
100,66000,1700,3.0038117046845163,0.13189660248483778
100,67000,1700,3.0037295579187897,0.12954130601189426
100,68000,1700,3.0036474119104035,0.12954130601189426
100,69000,1700,3.003565266659353,0.1271860095389507
100,70000,1700,3.003483122165634,0.1271860095389507
100,71000,1700,3.0034009784292426,0.1271860095389507
100,72000,1700,3.003318835450175,0.12483071306600718
100,73000,1700,3.0032366932284265,0.12483071306600718
100,74000,1700,3.0031545517639926,0.12247541659306363
100,75000,1700,3.003072411056869,0.12247541659306366
100,76000,1700,3.0029902711070524,0.12247541659306366
100,77000,1700,3.002908131914539,0.12012012012012015
100,78000,1700,3.0028259934793224,0.12012012012012012
100,79000,1700,3.0027438558014006,0.11776482364717657
100,10000,1900,3.0226986471527484,1.0178599652283862
100,11000,1900,3.0209805345929195,0.7186133501922974
100,12000,1900,3.0194171626321475,0.5858490069016384
100,13000,1900,3.017973511988624,0.5078762973499815
100,14000,1900,3.0169602777202975,0.4530846636109793
100,15000,1900,3.0159471620487346,0.4151519940993625
100,16000,1900,3.014934164965551,0.38354143617301506
100,17000,1900,3.0140111899763693,0.35825298983193715
100,18000,1900,3.0134340353407323,0.3392866550761287
100,19000,1900,3.012856918816788,0.32032032032032026
100,20000,1900,3.012279840403018,0.30556872662135814
100,21000,1900,3.0117028000979063,0.2929245034508193
100,22000,1900,3.0111257978999335,0.2823876508087034
100,23000,1900,3.0105488338075843,0.2718507981665875
100,24000,1900,3.0099719078193403,0.26131394552447174
100,25000,1900,3.009704792856661,0.2528844634107792
100,26000,1900,3.0094450202086978,0.2465623518255097
100,27000,1900,3.0091852552070426,0.23813286971181705
100,28000,1900,3.0089254978515587,0.23181075812654758
100,29000,1900,3.008665748142112,0.22759601706970126
100,30000,1900,3.008406006078566,0.22127390548443174
100,31000,1900,3.0081462716607854,0.2170591644275854
100,32000,1900,3.007886544888635,0.21073705284231598
100,33000,1900,3.007626825761979,0.20652231178546965
100,34000,1900,3.007367114280682,0.20230757072862338
100,35000,1900,3.007107410444609,0.19809282967177697
100,36000,1900,3.006847714253624,0.1938780886149307
100,37000,1900,3.0065880257075914,0.19177071808650753
100,38000,1900,3.0063283448063762,0.1875559770296612
100,39000,1900,3.0060686715498424,0.1854486065012381
100,40000,1900,3.0058090059378553,0.18123386544439174
100,41000,1900,3.005565723544511,0.17912649491596858
100,42000,1900,3.005499947637516,0.1770191243875454
100,43000,1900,3.0054341722159488,0.17280438333069914
100,44000,1900,3.005368397279806,0.17069701280227595
100,45000,1900,3.0053026228290864,0.16858964227385279
100,46000,1900,3.0052368488637873,0.16648227174542965
100,47000,1900,3.005171075383906,0.16437490121700646
100,48000,1900,3.005105302389442,0.1622675306885833
100,49000,1900,3.005039529880391,0.16016016016016013
100,50000,1900,3.004973757856753,0.15805278963173697
100,51000,1900,3.0049079863185244,0.15594541910331383
100,52000,1900,3.0048422152657035,0.15383804857489067
100,53000,1900,3.004776444698288,0.1517306780464675
100,54000,1900,3.0047106746162764,0.14962330751804437
100,55000,1900,3.0046449050196653,0.1496233075180443
100,56000,1900,3.0045791359084535,0.14751593698962118
100,57000,1900,3.0045133672826387,0.145408566461198
100,58000,1900,3.004447599142219,0.14330119593277485
100,59000,1900,3.0043818314871915,0.14330119593277485
100,60000,1900,3.004316064317554,0.1411938254043517
100,61000,1900,3.0042502976333054,0.13908645487592858
100,62000,1900,3.0041845314344426,0.13908645487592855
100,63000,1900,3.0041187657209645,0.13697908434750541
100,64000,1900,3.004053000492868,0.1369790843475054
100,65000,1900,3.003987235750151,0.13487171381908222
100,66000,1900,3.003921471492811,0.13276434329065906
100,67000,1900,3.003855707720847,0.13276434329065906
100,68000,1900,3.0037899444342564,0.1306569727622359
100,69000,1900,3.0037241816330362,0.1306569727622359
100,70000,1900,3.0036584193171856,0.12854960223381273
100,71000,1900,3.0035926574867013,0.12854960223381273
100,72000,1900,3.0035268961415817,0.1264422317053896
100,73000,1900,3.003461135281825,0.1264422317053896
100,74000,1900,3.003395374907428,0.12433486117696642
100,75000,1900,3.0033296150183895,0.12433486117696642
100,76000,1900,3.0032638556147067,0.12222749064854327
100,77000,1900,3.0031980966963783,0.12222749064854327
100,78000,1900,3.003132338263401,0.12222749064854327
100,79000,1900,3.003066580315774,0.1201201201201201
100,12000,2100,3.019189633646888,1.016254349587683
100,13000,2100,3.0179101207640593,0.7169073835740504
100,14000,2100,3.0166307988930434,0.5853472520139187
100,15000,2100,3.0157412564737776,0.5071738405071737
100,16000,2100,3.014912037335665,0.4537871204537871
100,17000,2100,3.014082897657165,0.413747080413747
100,18000,2100,3.013253837433681,0.38324038324038323
100,19000,2100,3.0125791886031896,0.3584536917870251
100,20000,2100,3.012106808897724,0.33748033748033746
100,21000,2100,3.011634454728373,0.3203203203203204
100,22000,2100,3.0111621260943044,0.3050669717336384
100,23000,2100,3.0106898229946855,0.29172029172029174
100,24000,2100,3.0102175454286835,0.2802802802802803
100,25000,2100,3.0097452933954667,0.27074693741360406
100,26000,2100,3.0092730668942034,0.2612135945469279
100,27000,2100,3.008915646967046,0.253586920253587
100,28000,2100,3.0087030172788696,0.24596024596024596
100,29000,2100,3.008490392714191,0.23833357166690497
100,30000,2100,3.008277773272936,0.23261356594689925
100,31000,2100,3.008065158955032,0.22689356022689353
100,32000,2100,3.0078525497604027,0.2211735545068878
100,33000,2100,3.0076399456889744,0.2154535487868821
100,34000,2100,3.007427346740673,0.21164021164021163
100,35000,2100,3.007214752915424,0.2059202059202059
100,36000,2100,3.0070021642131537,0.20210686877353545
100,37000,2100,3.0067895806337877,0.198293531626865
100,38000,2100,3.0065770021772504,0.19448019448019452
100,39000,2100,3.0063644288434688,0.19066685733352404
100,40000,2100,3.006151860632368,0.18685352018685353
100,41000,2100,3.0059392975438737,0.1849468516135183
100,42000,2100,3.0057267395779124,0.1811335144668478
100,43000,2100,3.005514186734408,0.17922684589351257
100,44000,2100,3.0053016390132883,0.17541350874684208
100,45000,2100,3.0050890964144776,0.17350684017350684
100,46000,2100,3.0049989971893107,0.1716001716001716
100,47000,2100,3.0049451568216834,0.16778683445350112
100,48000,2100,3.0048913167793274,0.16588016588016588
100,49000,2100,3.004837477062241,0.16397349730683064
100,50000,2100,3.004783637670423,0.1620668287334954
100,51000,2100,3.0047297986038712,0.16016016016016016
100,52000,2100,3.004675959862586,0.15825349158682495
100,53000,2100,3.004622121446565,0.1563468230134897
100,54000,2100,3.0045682833558085,0.15444015444015446
100,55000,2100,3.004514445590314,0.1525334858668192
100,56000,2100,3.00446060815008,0.15062681729348396
100,57000,2100,3.0044067710351072,0.14872014872014871
100,58000,2100,3.004352934245392,0.14681348014681347
100,59000,2100,3.0042990977809354,0.14490681157347823
100,60000,2100,3.004245261641735,0.14490681157347823
100,61000,2100,3.0041914258277895,0.143000143000143
100,62000,2100,3.004137590339098,0.14109347442680778
100,63000,2100,3.00408375517566,0.13918680585347254
100,64000,2100,3.004029920337473,0.1391868058534725
100,65000,2100,3.003976085824537,0.13728013728013727
100,66000,2100,3.003922251636851,0.13537346870680203
100,67000,2100,3.003868417774412,0.13537346870680203
100,68000,2100,3.0038145842372206,0.1334668001334668
100,69000,2100,3.003760751025275,0.13156013156013155
100,70000,2100,3.0037069181385743,0.13156013156013155
100,71000,2100,3.003653085577117,0.1296534629867963
100,72000,2100,3.0035992533409015,0.1296534629867963
100,73000,2100,3.0035454214299278,0.12774679441346107
100,74000,2100,3.0034915898441934,0.12774679441346107
100,75000,2100,3.0034377585836984,0.12584012584012583
100,76000,2100,3.00338392764844,0.12584012584012583
100,77000,2100,3.0033300970384187,0.1239334572667906
100,78000,2100,3.0032762667536326,0.1239334572667906
100,79000,2100,3.0032224367940805,0.12202678869345535
100,14000,2300,3.01661073845985,1.1367889628759194
100,15000,2300,3.015544387779858,0.753797275536406
100,16000,2300,3.0146712265499067,0.604082343212778
100,17000,2300,3.0139800316179364,0.5187796492144318
100,18000,2300,3.0132888919042338,0.4613308961135048
100,19000,2300,3.012597807406135,0.41954998476737604
100,20000,2300,3.011906778120974,0.3882143012577795
100,21000,2300,3.011411751165238,0.3621012316664491
100,22000,2300,3.0110180041726657,0.3412107759933847
100,23000,2300,3.010624274925556,0.32380206293249764
100,24000,2300,3.0102305634234248,0.3081342211776994
100,25000,2300,3.009836869665792,0.29420725072898984
100,26000,2300,3.009443193652174,0.282021151586369
100,27000,2300,3.0090495353820885,0.2715759237498368
100,28000,2300,3.008655894855054,0.2628715672193933
100,29000,2300,3.0082622720705885,0.25416721068894976
100,30000,2300,3.008065024634149,0.247203725464595
100,31000,2300,3.0078877831200073,0.2402402402402402
100,32000,2300,3.0077105451663404,0.23327675501588543
100,33000,2300,3.0075333107731055,0.22805414109761937
100,34000,2300,3.00735607994026,0.2210906558732646
100,35000,2300,3.00717885266776,0.21586804195499848
100,36000,2300,3.0070016289555634,0.2123862993428211
100,37000,2300,3.0068244088036264,0.20716368542455502
100,38000,2300,3.006647192211907,0.2036819428123776
100,39000,2300,3.006469979180361,0.1984593288941115
100,40000,2300,3.006292769708945,0.1949775862819341
100,41000,2300,3.006115563797618,0.19149584366975672
100,42000,2300,3.005938361446335,0.18801410105757932
100,43000,2300,3.0057611626550536,0.18453235844540192
100,44000,2300,3.005583967423731,0.18279148713931323
100,45000,2300,3.005406775752324,0.1793097445271358
100,46000,2300,3.0052295876407897,0.17582800191495843
100,47000,2300,3.005052403089084,0.17408713060886974
100,48000,2300,3.0048752220971653,0.17060538799669236
100,49000,2300,3.0046980446649894,0.16886451669060365
100,50000,2300,3.0045815377451293,0.1671236453845149
100,51000,2300,3.004536655898879,0.16364190277233756
100,52000,2300,3.0044917742786756,0.16190103146624887
100,53000,2300,3.0044468928845185,0.16016016016016016
100,54000,2300,3.0044020117164068,0.15841928885407147
100,55000,2300,3.0043571307743395,0.15667841754798276
100,56000,2300,3.0043122500583173,0.15493754624189407
100,57000,2300,3.004267369568338,0.15319667493580535
100,58000,2300,3.0042224893044023,0.1514558036297167
100,59000,2300,3.004177609266508,0.14971493232362798
100,60000,2300,3.004132729454655,0.14797406101753927
100,61000,2300,3.004087849868843,0.14623318971145058
100,62000,2300,3.004042970509072,0.14449231840536186
100,63000,2300,3.00399809137534,0.1427514470992732
100,64000,2300,3.0039532124676462,0.1410105757931845
100,65000,2300,3.003908333785991,0.13926970448709577
100,66000,2300,3.003863455330372,0.13926970448709577
100,67000,2300,3.0038185771007906,0.1375288331810071
100,68000,2300,3.0037736990972457,0.1357879618749184
100,69000,2300,3.003728821319735,0.13404709056882969
100,70000,2300,3.00368394376826,0.13404709056882969
100,71000,2300,3.0036390664428185,0.132306219262741
100,72000,2300,3.0035941893434095,0.1305653479566523
100,73000,2300,3.0035493124700343,0.1305653479566523
100,74000,2300,3.0035044358226903,0.1288244766505636
100,75000,2300,3.003459559401378,0.12882447665056362
100,76000,2300,3.0034146832060955,0.1270836053444749
100,77000,2300,3.0033698072368433,0.1253427340383862
100,78000,2300,3.0033249314936206,0.1253427340383862
100,79000,2300,3.003280055976426,0.12360186273229751
100,16000,2500,3.014578769277185,1.6000000000000003
100,17000,2500,3.013728359901599,0.8536536536536536
100,18000,2500,3.0131433942977877,0.6518518518518519
100,19000,2500,3.0125584682495488,0.5477477477477478
100,20000,2500,3.0119735817552673,0.4804804804804805
100,21000,2500,3.0113887348133277,0.4340340340340341
100,22000,2500,3.010803927422114,0.39879879879879887
100,23000,2500,3.010441950869461,0.3715715715715716
100,24000,2500,3.0101087197828953,0.3491491491491492
100,25000,2500,3.009775501408238,0.32992992992993
100,26000,2500,3.009442295745197,0.31391391391391393
100,27000,2500,3.0091091027934804,0.2994994994994995
100,28000,2500,3.0087759225527946,0.2866866866866867
100,29000,2500,3.0084427550228483,0.2754754754754754
100,30000,2500,3.0081096002033485,0.2658658658658658
100,31000,2500,3.007776458094004,0.2578578578578578
100,32000,2500,3.0075116111091718,0.2498498498498498
100,33000,2500,3.0073616031767956,0.24184184184184185
100,34000,2500,3.007211597795026,0.23543543543543544
100,35000,2500,3.007061594963836,0.22902902902902897
100,36000,2500,3.006911594683201,0.22422422422422422
100,37000,2500,3.0067615969530936,0.21781781781781787
100,38000,2500,3.006611601773488,0.21301301301301304
100,39000,2500,3.0064616091443574,0.20820820820820823
100,40000,2500,3.006311619065677,0.20500500500500501
100,41000,2500,3.00616163153742,0.20020020020020016
100,42000,2500,3.0060116465595605,0.19699699699699696
100,43000,2500,3.0058616641320723,0.19219219219219222
100,44000,2500,3.0057116842549294,0.188988988988989
100,45000,2500,3.005561706928105,0.18578578578578575
100,46000,2500,3.005411732151574,0.18258258258258261
100,47000,2500,3.00526175992531,0.1793793793793794
100,48000,2500,3.0051117902492863,0.17777777777777778
100,49000,2500,3.004961823123478,0.1745745745745746
100,50000,2500,3.004811858547858,0.17137137137137134
100,51000,2500,3.0046618965224003,0.1697697697697698
100,52000,2500,3.0045119370470785,0.1665665665665666
100,53000,2500,3.004361980121867,0.164964964964965
100,54000,2500,3.004228333508041,0.16336336336336338
100,55000,2500,3.0041903470112343,0.16016016016016013
100,56000,2500,3.004152360676363,0.15855855855855852
100,57000,2500,3.004114374503425,0.15695695695695697
100,58000,2500,3.0040763884924213,0.15535535535535536
100,59000,2500,3.004038402643351,0.15375375375375377
100,60000,2500,3.0040004169562136,0.15055055055055055
100,61000,2500,3.0039624314310083,0.14894894894894897
100,62000,2500,3.003924446067736,0.14734734734734736
100,63000,2500,3.003886460866395,0.14574574574574578
100,64000,2500,3.0038484758269854,0.14414414414414417
100,65000,2500,3.0038104909495065,0.14414414414414414
100,66000,2500,3.003772506233958,0.14254254254254256
100,67000,2500,3.00373452168034,0.14094094094094095
100,68000,2500,3.0036965372886515,0.13933933933933934
100,69000,2500,3.0036585530588917,0.13773773773773773
100,70000,2500,3.0036205689910616,0.1361361361361361
100,71000,2500,3.003582585085159,0.13613613613613615
100,72000,2500,3.003544601341185,0.13453453453453454
100,73000,2500,3.0035066177591387,0.13293293293293293
100,74000,2500,3.003468634339019,0.1313313313313313
100,75000,2500,3.003430651080827,0.13133133133133135
100,76000,2500,3.0033926679845604,0.12972972972972974
100,77000,2500,3.00335468505022,0.12812812812812815
100,78000,2500,3.0033167022778056,0.12812812812812813
100,79000,2500,3.0032787196673154,0.1265265265265265
100,19000,2700,3.012392004097448,1.1344678011344678
100,20000,2700,3.011890566607775,0.7518629740851962
100,21000,2700,3.0113891581900267,0.6020835650465279
100,22000,2700,3.010887778843185,0.5175545916286657
100,23000,2700,3.0103864285662323,0.4597189782374967
100,24000,2700,3.0099093086130226,0.4181959737515293
100,25000,2700,3.009623633691405,0.3870537203870537
100,26000,2700,3.0093379681130963,0.36036036036036034
100,27000,2700,3.0090523118779116,0.33959885811737667
100,28000,2700,3.008766664985668,0.3218032847662477
100,29000,2700,3.0084810274361797,0.3069736403069736
100,30000,2700,3.008195399229263,0.2936269602936269
100,31000,2700,3.0079097803647343,0.2817632447262077
100,32000,2700,3.007624170842408,0.2713824936047158
100,33000,2700,3.007338570662102,0.2624847069291513
100,34000,2700,3.0070529798236296,0.2535869202535869
100,35000,2700,3.006898983866895,0.24617209802394985
100,36000,2700,3.006770385095343,0.2387572757943128
100,37000,2700,3.006641788198486,0.23282541801060322
100,38000,2700,3.0065131931763083,0.22689356022689358
100,39000,2700,3.0063846000287926,0.22096170244318394
100,40000,2700,3.0062560087559236,0.2165128091054017
100,41000,2700,3.0061274193576826,0.21058095132169205
100,42000,2700,3.005998831834055,0.20613205798390982
100,43000,2700,3.0058702461850233,0.20316612909205503
100,44000,2700,3.005741662410572,0.19871723575427278
100,45000,2700,3.0056130805106833,0.19426834241649055
100,46000,2700,3.005484500485343,0.19130241352463576
100,47000,2700,3.0053559223345325,0.1883364846327809
100,48000,2700,3.0052273460582364,0.18537055574092612
100,49000,2700,3.005098771656438,0.18240462684907127
100,50000,2700,3.004970199129121,0.17943869795721645
100,51000,2700,3.0048416284762696,0.17647276906536163
100,52000,2700,3.004713059697865,0.17350684017350682
100,53000,2700,3.004584492793893,0.170540911281652
100,54000,2700,3.0044559277643366,0.16905794683572462
100,55000,2700,3.0043273646091793,0.16609201794386977
100,56000,2700,3.004198803328405,0.16460905349794236
100,57000,2700,3.0040702439219955,0.16164312460608754
100,58000,2700,3.003941686389936,0.16016016016016013
100,59000,2700,3.0038930618500688,0.15719423126830534
100,60000,2700,3.0038604957721455,0.15571126682237793
100,61000,2700,3.0038279298132466,0.15422830237645052
100,62000,2700,3.0037953639733708,0.1527453379305231
100,63000,2700,3.003762798252519,0.1512623734845957
100,64000,2700,3.0037302326506916,0.14829644459274088
100,65000,2700,3.003697667167886,0.14681348014681347
100,66000,2700,3.0036651018041036,0.14533051570088606
100,67000,2700,3.003632536559344,0.14384755125495866
100,68000,2700,3.0035999714336064,0.14236458680903125
100,69000,2700,3.0035674064268907,0.14088162236310384
100,70000,2700,3.0035348415391967,0.13939865791717643
100,71000,2700,3.0035022767705253,0.13791569347124902
100,72000,2700,3.0034697121208747,0.13791569347124902
100,73000,2700,3.0034371475902444,0.1364327290253216
100,74000,2700,3.003404583178635,0.1349497645793942
100,75000,2700,3.003372018886046,0.1334668001334668
100,76000,2700,3.0033394547124774,0.13198383568753938
100,77000,2700,3.0033068906579294,0.13198383568753938
100,78000,2700,3.0032743267224005,0.13050087124161197
100,79000,2700,3.003241762905891,0.12901790679568456
100,22000,2900,3.0108464567314326,1.0120465292879086
100,23000,2900,3.0104118749447406,0.71243657450554
100,24000,2900,3.009977314999991,0.5812709260985123
100,25000,2900,3.0095427768965197,0.5025715370542957
100,26000,2900,3.0091715619283077,0.45010527769148456
100,27000,2900,3.008923952365005,0.41144592868730806
100,28000,2900,3.0086763498217866,0.3810707258983121
100,29000,2900,3.0084287542985333,0.3562182872527699
100,30000,2900,3.0081811657951247,0.33550792171481814
100,31000,2900,3.0079335843114405,0.31893962928445685
100,32000,2900,3.0076860098473617,0.3037520278899588
100,33000,2900,3.007438442402768,0.29132580856718787
100,34000,2900,3.007190881977538,0.2788995892444168
100,35000,2900,3.006943328571553,0.2692347519933726
100,36000,2900,3.0066957821846936,0.25956991474232854
100,37000,2900,3.0064895487000514,0.2526664595630113
100,38000,2900,3.0063780811663596,0.2443823133478306
100,39000,2900,3.006266615041249,0.23747885816851338
100,40000,2900,3.0061551503247084,0.2305754029891961
100,41000,2900,3.006043687016729,0.22505263884574228
100,42000,2900,3.0059322251172977,0.21952987470228852
100,43000,2900,3.0058207646264044,0.21538780159469817
100,44000,2900,3.00570930554404,0.20986503745124435
100,45000,2900,3.0055978478701917,0.20572296434365395
100,46000,2900,3.005486391604849,0.20158089123606365
100,47000,2900,3.0053749367480025,0.1974388181284733
100,48000,2900,3.005263483299641,0.19329674502088295
100,49000,2900,3.0051520312597537,0.190535362949156
100,50000,2900,3.005040580628329,0.18777398087742908
100,51000,2900,3.0049291314053574,0.18363190776983881
100,52000,2900,3.0048176835908276,0.1808705256981119
100,53000,2900,3.004706237184729,0.178109143626385
100,54000,2900,3.004594792187051,0.17534776155465814
100,55000,2900,3.0044833485977835,0.17258637948293115
100,56000,2900,3.004371906416914,0.1698249974112043
100,57000,2900,3.004260465644433,0.16844430637534089
100,58000,2900,3.0041490262803303,0.16568292430361398
100,59000,2900,3.004037588324594,0.162921542231887
100,60000,2900,3.003926151777214,0.1615408511960236
100,61000,2900,3.00381471663818,0.15877946912429675
100,62000,2900,3.0037032829074803,0.15739877808843325
100,63000,2900,3.0036350971860157,0.1560180870525698
100,64000,2900,3.003606868902838,0.1532567049808429
100,65000,2900,3.0035786407090916,0.15187601394497946
100,66000,2900,3.0035504126047763,0.15049532290911602
100,67000,2900,3.0035221845898925,0.14911463187325252
100,68000,2900,3.0034939566644394,0.14635324980152567
100,69000,2900,3.003465728828417,0.1449725587656622
100,70000,2900,3.0034375010818257,0.14359186772979876
100,71000,2900,3.0034092734246647,0.14221117669393535
100,72000,2900,3.003381045856934,0.14083048565807185
100,73000,2900,3.0033528183786333,0.13944979462220838
100,74000,2900,3.0033245909897626,0.13806910358634492
100,75000,2900,3.003296363690322,0.1366884125504815
100,76000,2900,3.0032681364803113,0.13530772151461803
100,77000,2900,3.003239909359729,0.13392703047875465
100,78000,2900,3.003211682328577,0.13392703047875465
100,79000,2900,3.003183455386854,0.13254633944289113
100,25000,3100,3.0095838775699653,1.011333914559721
100,26000,3100,3.0092036169813015,0.7116794213568407
100,27000,3100,3.008823373118909,0.5799347734831607
100,28000,3100,3.0085355752498075,0.5024379217927605
100,29000,3100,3.0083189002857917,0.44948173980432043
100,30000,3100,3.0081022306978973,0.41073331395912044
100,31000,3100,3.007885566486043,0.3797345732829604
100,32000,3100,3.007668907650149,0.35519390358100034
100,33000,3100,3.0074522541901363,0.33581969065840034
100,34000,3100,3.007235606105922,0.31773709193064037
100,35000,3100,3.007018963397427,0.3035293357874003
100,36000,3100,3.0068023260645718,0.2906131938390003
100,37000,3100,3.0065856941072737,0.2789886660854403
100,38000,3100,3.006369067525454,0.2686557525267203
100,39000,3100,3.006152446319032,0.2596144531628403
100,40000,3100,3.006027384362475,0.25186476799380025
100,41000,3100,3.0059298408492716,0.24411508282476024
100,42000,3100,3.0058322984148007,0.23765701185056023
100,43000,3100,3.005734757059055,0.23119894087636028
100,44000,3100,3.0056372167820267,0.22474086990216027
100,45000,3100,3.005539677583709,0.2195744131228002
100,46000,3100,3.0054421394640953,0.2144079563434402
100,47000,3100,3.005344602423178,0.2105331137589202
100,48000,3100,3.00524706646095,0.20536665697956025
100,49000,3100,3.0051495315774033,0.20149181439504021
100,50000,3100,3.005051997772531,0.1976169718105202
100,51000,3100,3.0049544650463273,0.19374212922600023
100,52000,3100,3.004856933398784,0.18986728664148023
100,53000,3100,3.0047594028298934,0.18728405825180022
100,54000,3100,3.004661873339649,0.18340921566728022
100,55000,3100,3.0045643449280433,0.1808259872776002
100,56000,3100,3.0044668175950693,0.17824275888792018
100,57000,3100,3.0043692913407205,0.17565953049824018
100,58000,3100,3.0042717661649894,0.17307630210856018
100,59000,3100,3.0041742420678674,0.1704930737188802
100,60000,3100,3.0040767190493485,0.16790984532920017
100,61000,3100,3.0039791971094263,0.1653266169395202
100,62000,3100,3.003881676248092,0.16274338854984016
100,63000,3100,3.003784156465339,0.1614517743550002
100,64000,3100,3.0036866377611604,0.15886854596532016
100,65000,3100,3.003589120135549,0.15757693177048016
100,66000,3100,3.0034916035884978,0.15499370338080015
100,67000,3100,3.00340914768259,0.15370208918596018
100,68000,3100,3.0033844448874505,0.15111886079628015
100,69000,3100,3.0033597421608014,0.14982724660144014
100,70000,3100,3.003335039502642,0.14853563240660014
100,71000,3100,3.003310336912973,0.14724401821176014
100,72000,3100,3.0032856343917946,0.14466078982208014
100,73000,3100,3.0032609319391055,0.14336917562724014
100,74000,3100,3.003236229554906,0.14207756143240013
100,75000,3100,3.0032115272391966,0.14078594723756016
100,76000,3100,3.003186824991976,0.13949433304272013
100,77000,3100,3.003162122813246,0.13820271884788013
100,78000,3100,3.0031374207030037,0.13691110465304016
100,79000,3100,3.003112718661252,0.13561949045820013
100,28000,3300,3.0085385200038157,1.1332544665878
100,29000,3300,3.0082029950949307,0.7498407498407497
100,30000,3300,3.0079817239976387,0.6006006006006005
100,31000,3300,3.0077905288120346,0.515667182333849
100,32000,3300,3.007599337812861,0.4586404586404586
100,33000,3300,3.007408151000064,0.4173870840537507
100,34000,3300,3.007216968373586,0.3858403858403858
100,35000,3300,3.0070257899333734,0.36036036036036034
100,36000,3300,3.0068346156793697,0.3385203385203385
100,37000,3300,3.0066434456115205,0.32153365486698826
100,38000,3300,3.006452279729771,0.3057603057603058
100,39000,3300,3.006261118034065,0.2924136257469591
100,40000,3300,3.006069960524348,0.2814936148269481
100,41000,3300,3.0058788072005638,0.27057360390693724
100,42000,3300,3.0057122699537904,0.2608669275335942
100,43000,3300,3.0056261946631624,0.2535869202535869
100,44000,3300,3.0055401202125656,0.24509357842691176
100,45000,3300,3.005454046601996,0.23902690569357235
100,46000,3300,3.005367973831448,0.23174689841356508
100,47000,3300,3.0052819019009163,0.22568022568022567
100,48000,3300,3.005195830810397,0.22082688749355414
100,49000,3300,3.005109760559883,0.21597354930688265
100,50000,3300,3.005023691149372,0.21112021112021112
100,51000,3300,3.0049376225788573,0.2062668729335396
100,52000,3300,3.0048515548483348,0.202626869293536
100,53000,3300,3.0047654879577994,0.19777353110686444
100,54000,3300,3.0046794219072455,0.19413352746686083
100,55000,3300,3.0045933566966694,0.1904935238268571
100,56000,3300,3.0045072923260654,0.1880668547335214
100,57000,3300,3.0044212287954277,0.18442685109351775
100,58000,3300,3.0043351661047537,0.18078684745351412
100,59000,3300,3.0042491042540362,0.17836017836017837
100,60000,3300,3.0041630432432718,0.17593350926684256
100,61000,3300,3.0040769830724545,0.17350684017350684
100,62000,3300,3.0039909237415796,0.17108017108017107
100,63000,3300,3.003904865250643,0.16865350198683535
100,64000,3300,3.0038188075996386,0.16622683289349954
100,65000,3300,3.0037327507885623,0.1638001638001638
100,66000,3300,3.003646694817409,0.16137349470682805
100,67000,3300,3.003560639686173,0.15894682561349227
100,68000,3300,3.00347458539485,0.15773349106682438
100,69000,3300,3.003388531943436,0.15530682197348863
100,70000,3300,3.0033024793319245,0.15409348742682075
100,71000,3300,3.0032164275603113,0.151666818333485
100,72000,3300,3.0031878107278467,0.1504534837868171
100,73000,3300,3.003166012015358,0.14802681469348136
100,74000,3300,3.0031442133562045,0.14681348014681347
100,75000,3300,3.0031224147503863,0.1456001456001456
100,76000,3300,3.003100616197903,0.14438681105347773
100,77000,3300,3.003078817698754,0.14196014196014195
100,78000,3300,3.003057019252941,0.14074680741347406
100,79000,3300,3.0030352208604625,0.1395334728668062
100,31000,3500,3.0076650739469195,1.1428571428571428
100,32000,3500,3.0074951114159787,0.851136851136851
100,33000,3500,3.0073251521934403,0.6486486486486486
100,34000,3500,3.007155196279265,0.5445445445445445
100,35000,3500,3.0069852436734155,0.4781924781924781
100,36000,3500,3.0068152943758513,0.4324324324324324
100,37000,3500,3.0066453483865345,0.396968396968397
100,38000,3500,3.006475405705426,0.36951236951236954
100,39000,3500,3.006305466332487,0.34663234663234666
100,40000,3500,3.0061355302676787,0.32718432718432716
100,41000,3500,3.0059655975109627,0.3111683111683111
100,42000,3500,3.0057956680622993,0.29744029744029743
100,43000,3500,3.0056257419216506,0.28485628485628484
100,44000,3500,3.0054558190889766,0.27456027456027454
100,45000,3500,3.0053512414818773,0.2654082654082654
100,46000,3500,3.0052747254223116,0.25625625625625625
100,47000,3500,3.0051982100265944,0.24824824824824823
100,48000,3500,3.0051216952947204,0.24138424138424136
100,49000,3500,3.0050451812266883,0.2345202345202345
100,50000,3500,3.004968667822493,0.22880022880022877
100,51000,3500,3.0048921550821324,0.22308022308022304
100,52000,3500,3.0048156430056023,0.21736021736021738
100,53000,3500,3.004739131592899,0.2127842127842128
100,54000,3500,3.004662620844019,0.20820820820820818
100,55000,3500,3.004586110758959,0.2036322036322036
100,56000,3500,3.0045096013377166,0.19905619905619903
100,57000,3500,3.004433092580287,0.1956241956241956
100,58000,3500,3.0043565844866666,0.19219219219219216
100,59000,3500,3.0042800770568534,0.18876018876018874
100,60000,3500,3.004203570290842,0.18532818532818532
100,61000,3500,3.0041270641886304,0.18189618189618187
100,62000,3500,3.004050558750215,0.1796081796081796
100,63000,3500,3.003974053975592,0.17617617617617615
100,64000,3500,3.0038975498647575,0.17388817388817387
100,65000,3500,3.003821046417708,0.17160017160017157
100,66000,3500,3.0037445436344417,0.1693121693121693
100,67000,3500,3.0036680415149526,0.167024167024167
100,68000,3500,3.0035915400592397,0.1647361647361647
100,69000,3500,3.0035150392672976,0.16244816244816243
100,70000,3500,3.003438539139124,0.16016016016016013
100,71000,3500,3.0033620396747156,0.15787215787215786
100,72000,3500,3.0032855408740673,0.1567281567281567
100,73000,3500,3.003209042737178,0.1544401544401544
100,74000,3500,3.0031325452640414,0.15215215215215214
100,75000,3500,3.003056048454657,0.151008151008151
100,76000,3500,3.003012734578941,0.14872014872014871
100,77000,3500,3.002993356348279,0.14757614757614756
100,78000,3500,3.0029739781597655,0.14643214643214642
100,79000,3500,3.0029546000134024,0.14414414414414412
100,35000,3700,3.00691215440723,1.081081081081081
100,36000,3700,3.0067600826626943,0.7488569650731813
100,37000,3700,3.0066080135670323,0.5995184373562754
100,38000,3700,3.006455947120217,0.5151097042988936
100,39000,3700,3.00630388332222,0.4577550523496471
100,40000,3700,3.0061518221730132,0.41663284906528153
100,41000,3700,3.00599976367257,0.38525011497984474
100,42000,3700,3.0058477078208616,0.359278197116035
100,43000,3700,3.0056956546178606,0.3387170954738523
100,44000,3700,3.0055436040635386,0.3203203203203204
100,45000,3700,3.0053915561578686,0.3051700348997647
100,46000,3700,3.0052395109008225,0.2921840759678598
100,47000,3700,3.0051012506604455,0.2802802802802803
100,48000,3700,3.005032784970086,0.27054081108135164
100,49000,3700,3.004964319811256,0.260801341882423
100,50000,3700,3.004895855183951,0.25214403592781975
100,51000,3700,3.0048273910881695,0.24456889321754188
100,52000,3700,3.004758927523909,0.23807591375158946
100,53000,3700,3.0046904644911683,0.23158293428563706
100,54000,3700,3.0046220019899423,0.22617211806400997
100,55000,3700,3.004553540020231,0.2207613018423829
100,56000,3700,3.00448507858203,0.21535048562075593
100,57000,3700,3.004416617675338,0.2099396693991289
100,58000,3700,3.0043481573001523,0.20561101642182725
100,59000,3700,3.00427969745647,0.20128236344452563
100,60000,3700,3.004211238144289,0.1980358737115494
100,61000,3700,3.0041427793636064,0.1937072207342478
100,62000,3700,3.00407432111442,0.19046073100127156
100,63000,3700,3.0040058633967277,0.1872142412682954
100,64000,3700,3.0039374062105266,0.18396775153531914
100,65000,3700,3.0038689495558137,0.1807212618023429
100,66000,3700,3.003800493432588,0.1785569353136921
100,67000,3700,3.0037320378408454,0.17531044558071587
100,68000,3700,3.0036635827805847,0.17314611909206507
100,69000,3700,3.0035951282518023,0.16989962935908884
100,70000,3700,3.0035266742544966,0.16773530287043803
100,71000,3700,3.003458220788664,0.16557097638178722
100,72000,3700,3.0033897678543036,0.16340664989313639
100,73000,3700,3.0033213154514122,0.16124232340448558
100,74000,3700,3.0032528635799864,0.15907799691583474
100,75000,3700,3.0031844122400253,0.15691367042718396
100,76000,3700,3.0031159614315253,0.15583150718285854
100,77000,3700,3.003047511154484,0.15366718069420773
100,78000,3700,3.0029790614088996,0.15150285420555692
100,79000,3700,3.0029106121947686,0.15042069096123148
100,39000,3900,3.0062694396168,1.0092143425476763
100,40000,3900,3.006132575089156,0.7104540437873771
100,41000,3900,3.0059957127073202,0.579040579040579
100,42000,3900,3.005858852471271,0.5010138343471676
100,43000,3900,3.0057219943809894,0.4486537819871155
100,44000,3900,3.0055851384364534,0.40964040964040965
100,45000,3900,3.005448284637644,0.3788403788403788
100,46000,3900,3.0053114329845414,0.3542003542003542
100,47000,3900,3.0051745834771237,0.33469366802700135
100,48000,3900,3.0050377361153715,0.31724031724031737
100,49000,3900,3.0049008908992647,0.3028669695336362
100,50000,3900,3.00481145521941,0.2895202895202895
100,51000,3900,3.00474983361469,0.27822694489361166
100,52000,3900,3.0046882124405623,0.26796026796026795
100,53000,3900,3.004626591697025,0.2587202587202587
100,54000,3900,3.0045649713840774,0.2505069171735839
100,55000,3900,3.004503351501717,0.24332024332024332
100,56000,3900,3.0044417320499415,0.23613356946690278
100,57000,3900,3.0043801130287497,0.22997356330689664
100,58000,3900,3.00431849443814,0.22484022484022484
100,59000,3900,3.0042568762781094,0.21868021868021867
100,60000,3900,3.004195258548657,0.21354688021354687
100,61000,3900,3.0041336412497817,0.20944020944020944
100,62000,3900,3.0040720243814802,0.20533353866687207
100,63000,3900,3.0040104079437517,0.20122686789353464
100,64000,3900,3.0039487919365935,0.19712019712019718
100,65000,3900,3.003887176360005,0.19301352634685967
100,66000,3900,3.0038255612139833,0.18993352326685659
100,67000,3900,3.003763946498527,0.18685352018685358
100,68000,3900,3.0037023322136336,0.18377351710685044
100,69000,3900,3.0036407183593035,0.18069351402684736
100,70000,3900,3.0035791049355325,0.17761351094684427
100,71000,3900,3.00351749194232,0.1745335078668412
100,72000,3900,3.0034558793796635,0.17248017248017247
100,73000,3900,3.0033942672475615,0.1694001694001694
100,74000,3900,3.003332655546013,0.16734683401350067
100,75000,3900,3.0032710442750146,0.16529349862683196
100,76000,3900,3.003209433434565,0.16324016324016324
100,77000,3900,3.0031478230246633,0.1611868278534945
100,78000,3900,3.0030862130453078,0.1591334924668258
100,79000,3900,3.003024603496495,0.15708015708015707
100,43000,4100,3.0057162048190236,0.9756097560975612
100,44000,4100,3.0055923750777587,0.7099782709538808
100,45000,4100,3.0054685470931934,0.5791157010669206
100,46000,4100,3.005344720865312,0.5009887936717207
100,47000,4100,3.005220896394099,0.44825313117996046
100,48000,4100,3.00509707367954,0.40918967748236046
100,49000,4100,3.00497325272162,0.3789155008667203
100,50000,4100,3.0048494335203233,0.3545008423057204
100,51000,4100,3.004725616075636,0.33399252911448035
100,52000,4100,3.0046083053973347,0.31739056129300036
100,53000,4100,3.004552550305301,0.3027417661564003
100,54000,4100,3.0044967955657884,0.2890695573622404
100,55000,4100,3.0044410411787923,0.27832710759540025
100,56000,4100,3.0043852871443146,0.2675846578285603
100,57000,4100,3.0043295334623523,0.2587953807466003
100,58000,4100,3.004273780132905,0.2509826900070803
100,59000,4100,3.0042180271559706,0.24316999926756025
100,60000,4100,3.0041622745315477,0.23633389487048026
100,61000,4100,3.004106522259636,0.2304743768158403
100,62000,4100,3.004050770340233,0.22461485876120024
100,63000,4100,3.0039950187733373,0.21875534070656028
100,64000,4100,3.0039392675589482,0.21387240899436022
100,65000,4100,3.003883516697065,0.20898947728216022
100,66000,4100,3.0038277661876855,0.2050831319124002
100,67000,4100,3.003772016030808,0.2011767865426402
100,68000,4100,3.0037162662264314,0.1972704411728802
100,69000,4100,3.0036605167745547,0.19336409580312017
100,70000,4100,3.0036047676751765,0.1894577504333602
100,71000,4100,3.0035490189282954,0.1865279914060402
100,72000,4100,3.00349327053391,0.1835982323787202
100,73000,4100,3.0034375224920185,0.18066847335140016
100,74000,4100,3.003381774802621,0.1777387143240802
100,75000,4100,3.003326027465714,0.17480895529676022
100,76000,4100,3.0032702804812983,0.17187919626944018
100,77000,4100,3.0032145338493716,0.16992602358456022
100,78000,4100,3.003158787569932,0.16699626455724018
100,79000,4100,3.003103041642979,0.1650430918723602
100,47000,4300,3.005236397765224,0.9302325581395349
100,48000,4300,3.0051238253563217,0.7486556323765626
100,49000,4300,3.0050112543993457,0.5987382731568778
100,50000,4300,3.0048986848942847,0.5140023744674908
100,51000,4300,3.0047861168411285,0.45720138743394556
100,52000,4300,3.004673550239865,0.4162301836720442
100,53000,4300,3.004560985090483,0.38363945340689526
100,54000,4300,3.004448421392971,0.35849803291663757
100,55000,4300,3.004370564959645,0.3380124310356868
100,56000,4300,3.0043198771343693,0.3203203203203203
100,57000,4300,3.0042691896004596,0.30449053704867657
100,58000,4300,3.0042185023579138,0.29145424494261707
100,59000,4300,3.0041678154067317,0.28028028028028024
100,60000,4300,3.0041171287469117,0.27003747933980493
100,61000,4300,3.0040664423784538,0.26072584212119093
100,62000,4300,3.0040157563013565,0.25234536862443835
100,63000,4300,3.003965070515619,0.24489605884954724
100,64000,4300,3.0039143850212393,0.23744674907465604
100,65000,4300,3.003863699818217,0.2309286030216263
100,66000,4300,3.0038130149065516,0.22534162069045788
100,67000,4300,3.0037623302862415,0.21975463835928952
100,68000,4300,3.0037116459572855,0.21509881974998252
100,69000,4300,3.0036609619196835,0.21044300114067555
100,70000,4300,3.0036102781734346,0.20578718253136857
100,71000,4300,3.003559594718536,0.20113136392206157
100,72000,4300,3.003508911554988,0.197406709034616
100,73000,4300,3.00345822868279,0.19368205414717038
100,74000,4300,3.0034075461019403,0.1899573992597248
100,75000,4300,3.0033568638124373,0.18716390809414063
100,76000,4300,3.0033061818142817,0.18343925320669505
100,77000,4300,3.003255500107471,0.18064576204111088
100,78000,4300,3.003204818692004,0.17785227087552669
100,79000,4300,3.003154137567882,0.17505877970994246
100,51000,4500,3.004817426660902,0.888888888888889
100,52000,4500,3.0047146432458174,0.8497386275164054
100,53000,4500,3.0046118610412083,0.6468690913135358
100,54000,4500,3.004509080047067,0.5427649872094318
100,55000,4500,3.0044063002633834,0.47692136581025474
100,56000,4500,3.00430352169015,0.4306528750973196
100,57000,4500,3.0042022271060334,0.39595150706261817
100,58000,4500,3.0041559456224864,0.3683683683683684
100,59000,4500,3.004109664381856,0.3452341230119008
100,60000,4500,3.0040633833841413,0.32654877099321544
100,61000,4500,3.004017102629341,0.31053275497719945
100,62000,4500,3.0039708221174557,0.29629629629629634
100,63000,4500,3.003924541848483,0.28472917361806255
100,64000,4500,3.003878261822424,0.27405182960738517
100,65000,4500,3.003831982039276,0.2642642642642643
100,66000,4500,3.00378570249904,0.25536647758869985
100,67000,4500,3.0037394232017136,0.24735846958069183
100,68000,4500,3.003693144147298,0.2402402402402402
100,69000,4500,3.00364686533579,0.2340117895673451
100,70000,4500,3.00360058676719,0.22778333889445002
100,71000,4500,3.003554308441498,0.2215548882215549
100,72000,4500,3.0035080303587125,0.21621621621621623
100,73000,4500,3.0034617525188323,0.211767322878434
100,74000,4500,3.0034154749218573,0.20731842954065174
100,75000,4500,3.0033691975677868,0.20286953620286954
100,76000,4500,3.0033229204566196,0.19931042153264375
100,77000,4500,3.003276643588355,0.19486152819486155
100,78000,4500,3.003230366962993,0.19130241352463576
100,79000,4500,3.0031840905805316,0.18774329885440996
100,56000,4700,3.0043550820738534,0.851063829787234
100,57000,4700,3.0042608650498503,0.7479820245777692
100,58000,4700,3.0041666490430337,0.598896769109535
100,59000,4700,3.0040724340533975,0.5137051945562584
100,60000,4700,3.004003678054789,0.456626839605563
100,61000,4700,3.0039612525694808,0.41573488381999024
100,62000,4700,3.003918827288304,0.38336208548974504
100,63000,4700,3.003876402211258,0.35865652886929483
100,64000,4700,3.003833977338342,0.33735863523097565
100,65000,4700,3.003791552669556,0.3194684045747876
100,66000,4700,3.0037491282048983,0.3049858369007305
100,67000,4700,3.00370670394437,0.29135518497220625
100,68000,4700,3.0036642798879694,0.2794283645347475
100,69000,4700,3.003621856035695,0.2692053755883543
100,70000,4700,3.003579432387548,0.2606862181330266
100,71000,4700,3.003537008943528,0.25216706067769895
100,72000,4700,3.0034945857036326,0.24449981896790407
100,73000,4700,3.003452162667862,0.23768449300364194
100,74000,4700,3.003409739836216,0.23086916703937976
100,75000,4700,3.0033673172086934,0.22490575682065042
100,76000,4700,3.003324894785294,0.21979426234745383
100,77000,4700,3.003282472566018,0.21468276787425722
100,78000,4700,3.003240050550863,0.20957127340106063
100,79000,4700,3.003197628739829,0.20531169467339677
100,61000,4900,3.0039506466782004,0.8163265306122448
100,62000,4900,3.0038639678892554,0.7092807092807092
100,63000,4900,3.003822882750236,0.5777205777205777
100,64000,4900,3.0037838506896013,0.5000919286633572
100,65000,4900,3.003744818801754,0.4469775898347327
100,66000,4900,3.003705787086694,0.40857183714326567
100,67000,4900,3.0036667555444203,0.3783375211946641
100,68000,4900,3.003627724174932,0.35382321096606806
100,69000,4900,3.0035886929782296,0.3333946191089048
100,70000,4900,3.0035496619543114,0.31623460194888764
100,71000,4900,3.0035106311031776,0.30152601581173005
100,72000,4900,3.0034716004248283,0.28845171702314554
100,73000,4900,3.003432569919263,0.27782884925742063
100,74000,4900,3.0033935395864795,0.2672059814916957
100,75000,4900,3.00335450942648,0.2582174010745439
100,76000,4900,3.003315479439262,0.2500459643316786
100,77000,4900,3.0032764496248254,0.24269167126309982
100,78000,4900,3.0032374199831704,0.23615452186880756
100,79000,4900,3.0031983905142963,0.2296173724745153
100,66000,5100,3.003657577723054,0.7843137254901961
100,67000,5100,3.003621547649258,0.7089442383560031
100,68000,5100,3.003585517722697,0.5778327346954798
100,69000,5100,3.0035494879433697,0.5001079510883433
100,70000,5100,3.003513458311277,0.447506329859271
100,71000,5100,3.0034774288264177,0.4082513886435455
100,72000,5100,3.0034413994887923,0.37763253449527956
100,73000,5100,3.0034053702983994,0.35329447094152977
100,74000,5100,3.0033693412552394,0.3336670003336669
100,75000,5100,3.003333312359311,0.3163948261987478
100,76000,5100,3.003297283610615,0.301477948536772
100,77000,5100,3.00326125500915,0.2889163673477399
100,78000,5100,3.0032252265549166,0.2771398849830222
100,79000,5100,3.003189198247914,0.26771869909124807
100,71000,5300,3.0034391435745955,0.7547169811320754
100,72000,5300,3.003405782271305,0.7471622565962188
100,73000,5300,3.0033724210942507,0.5983341832398436
100,74000,5300,3.0033390600434315,0.5129657959846639
100,75000,5300,3.0033056991188465,0.4563053619657393
100,76000,5300,3.003272338320496,0.41475437701852796
100,77000,5300,3.0032389776483805,0.38302453396793024
100,78000,5300,3.003205617102499,0.35809394299960334
100,79000,5300,3.0031722566828503,0.3369407142992048
100,76000,5500,3.00324223382904,0.7272727272727273
100,77000,5500,3.0032112553800534,0.7272727272727274
100,78000,5500,3.003180277039917,0.6464646464646464
100,79000,5500,3.003149298808631,0.5423605423605423
